date,chl_rfu_daily_mean,n_subhourly
2014-06-11,2.6142857142857143,7
2014-06-12,2.5124999999999997,96
2014-06-13,2.314583333333333,96
2014-06-14,2.24375,96
2014-06-15,2.2104166666666667,96
2014-06-16,2.4583333333333335,96
2014-06-17,1.9979166666666668,96
2014-06-18,2.169791666666667,96
2014-06-19,2.5437499999999997,96
2014-06-20,2.790625,96
2014-06-21,3.592708333333333,96
2014-06-22,3.7395833333333335,96
2014-06-23,3.810416666666667,96
2014-06-24,3.533333333333333,96
2014-06-25,3.060416666666667,96
2014-06-26,3.153488372093023,86
2014-06-27,3.533333333333333,96
2014-06-28,4.254166666666666,96
2014-06-29,3.985416666666667,96
2014-06-30,3.8052083333333333,96
2014-07-01,4.041666666666667,96
2014-07-02,4.9437500000000005,96
2014-07-03,4.5406249999999995,96
2014-07-04,5.047916666666667,96
2014-07-05,5.654166666666666,96
2014-07-06,4.757291666666666,96
2014-07-07,4.0843750000000005,96
2014-07-08,3.5380952380952384,63
2014-07-09,4.0625,96
2014-07-10,3.6177083333333333,96
2014-07-11,3.7375000000000003,96
2014-07-12,3.9916666666666667,96
2014-07-13,3.865625,96
2014-07-14,3.8083333333333336,96
2014-07-15,3.973913043478261,92
2014-07-16,4.2875,96
2014-07-17,4.971875,96
2014-07-18,4.651041666666667,96
2014-07-19,5.2562500000000005,96
2014-07-20,5.760416666666667,96
2014-07-21,6.716666666666666,96
2014-07-22,6.394791666666666,96
2014-07-23,5.292708333333334,96
2014-07-24,5.234375,96
2014-07-25,5.561458333333333,96
2014-07-26,5.663541666666667,96
2014-07-27,5.73125,96
2014-07-28,7.038541666666667,96
2014-07-29,6.046739130434782,92
2014-07-30,5.607291666666666,96
2014-07-31,5.184615384615385,65
2014-08-01,5.9312499999999995,96
2014-08-02,5.082291666666666,96
2014-08-03,5.305208333333334,96
2014-08-04,5.595833333333334,96
2014-08-05,5.526041666666667,96
2014-08-06,5.329166666666667,96
2014-08-07,5.473958333333333,96
2014-08-08,6.241666666666667,96
2014-08-09,5.35625,96
2014-08-10,5.347916666666666,96
2014-08-11,6.022916666666667,96
2014-08-12,5.980434782608696,92
2014-08-13,4.744791666666667,96
2014-08-14,4.65,60
2014-08-15,5.165555555555556,90
2014-08-16,4.763541666666667,96
2014-08-17,4.390625,96
2014-08-18,4.279166666666667,96
2014-08-19,4.367708333333334,96
2014-08-20,4.2,21
2014-08-26,4.023529411764706,17
2014-08-27,2.9250000000000003,96
2014-08-28,2.5145833333333334,96
2014-08-29,2.165625,96
2014-08-30,1.7552083333333333,96
2014-08-31,1.5843749999999999,96
2014-09-01,1.4385416666666666,96
2014-09-02,1.6041666666666667,96
2014-09-03,1.7437500000000001,96
2014-09-04,1.5,96
2014-09-05,1.5166666666666666,6
2015-05-14,4.323529411764706,17
2015-05-15,3.769444444444444,144
2015-05-16,3.972916666666667,144
2015-05-17,3.799236641221374,131
2015-05-18,3.4180555555555556,144
2015-05-19,2.8444444444444446,144
2015-05-20,2.479861111111111,144
2015-05-21,1.884722222222222,144
2015-05-22,1.4041666666666666,144
2015-05-23,1.2840277777777778,144
2015-05-24,1.1062500000000002,144
2015-05-25,1.1645833333333333,144
2015-05-26,1.2965277777777777,144
2015-05-27,1.542361111111111,144
2015-05-28,1.8020833333333333,144
2015-05-29,1.8008620689655173,116
2015-05-30,2.084722222222222,144
2015-05-31,2.0541666666666667,144
2015-06-01,1.8423611111111111,144
2015-06-02,2.290277777777778,144
2015-06-03,2.442361111111111,144
2015-06-04,2.0743055555555556,144
2015-06-05,2.0340277777777778,144
2015-06-06,1.7395833333333333,144
2015-06-07,1.5951388888888889,144
2015-06-08,1.5638888888888889,144
2015-06-09,1.35,144
2015-06-10,1.4270833333333333,144
2015-06-11,1.4000000000000001,96
2015-06-12,1.2888888888888888,144
2015-06-13,1.520138888888889,144
2015-06-14,1.6111111111111112,144
2015-06-15,1.2541666666666667,144
2015-06-16,1.3590277777777777,144
2015-06-17,1.4597222222222221,144
2015-06-18,1.44375,144
2015-06-19,1.245138888888889,144
2015-06-20,1.5597222222222222,144
2015-06-21,2.054861111111111,144
2015-06-22,2.379166666666667,144
2015-06-23,2.4986111111111113,144
2015-06-24,2.551388888888889,144
2015-06-25,2.860416666666667,96
2015-06-26,2.7847222222222223,144
2015-06-27,2.697222222222222,144
2015-06-28,3.769444444444444,144
2015-06-29,4.809027777777778,144
2015-06-30,4.402083333333334,144
2015-07-01,3.2222222222222223,144
2015-07-02,2.7847222222222223,144
2015-07-03,4.384027777777778,144
2015-07-04,3.0006944444444446,144
2015-07-05,2.3666666666666667,144
2015-07-06,2.3305555555555557,144
2015-07-07,1.7597222222222222,144
2015-07-08,1.8868055555555554,144
2015-07-09,1.4895833333333333,96
2015-07-10,1.8430555555555554,144
2015-07-11,1.4291666666666667,144
2015-07-12,1.7555555555555555,144
2015-07-13,2.111111111111111,144
2015-07-14,2.470833333333333,96
2015-07-15,2.8104895104895102,143
2015-07-16,2.808333333333333,144
2015-07-17,2.2347222222222225,144
2015-07-18,2.1708333333333334,144
2015-07-19,3.0166666666666666,144
2015-07-20,2.2979166666666666,144
2015-07-21,2.513888888888889,144
2015-07-22,1.6965277777777779,144
2015-07-23,2.7340277777777775,144
2015-07-24,2.6881944444444446,144
2015-07-25,2.71875,144
2015-07-26,2.5025641025641026,78
2015-07-29,2.8,1
2015-07-30,2.4993055555555554,144
2015-07-31,3.023611111111111,144
2015-08-01,3.0243055555555554,144
2015-08-02,2.8902777777777775,144
2015-08-03,2.9881944444444444,144
2015-08-04,2.648611111111111,144
2015-08-05,2.8135135135135134,111
2015-08-06,2.6430555555555557,144
2015-08-07,2.7041666666666666,144
2015-08-08,2.408333333333333,144
2015-08-09,3.0243055555555554,144
2015-08-10,2.7430555555555554,144
2015-08-11,2.7069444444444444,144
2015-08-12,2.9819444444444443,144
2015-08-13,3.354861111111111,144
2015-08-14,3.4520833333333334,144
2015-08-15,2.9743055555555555,144
2015-08-16,2.6305555555555555,144
2015-08-17,2.129861111111111,144
2015-08-18,2.6416666666666666,144
2015-08-19,3.1284722222222223,144
2015-08-20,2.5395833333333333,144
2015-08-21,3.120138888888889,144
2015-08-22,2.821527777777778,144
2015-08-23,2.2368055555555557,144
2015-08-24,3.0104166666666665,144
2015-08-25,2.979861111111111,144
2015-08-26,3.8472222222222223,144
2015-08-27,3.8874999999999997,144
2015-08-28,4.0055555555555555,144
2015-08-29,3.2965277777777775,144
2015-08-30,4.061111111111111,144
2015-08-31,3.5416666666666665,144
2015-09-01,3.8173611111111114,144
2015-09-02,3.9875000000000003,144
2015-09-03,3.696039603960396,101
2015-09-04,2.915972222222222,144
2015-09-05,2.4652777777777777,144
2015-09-06,2.7368055555555557,144
2015-09-07,2.7305555555555556,144
2015-09-08,2.8666666666666667,144
2015-09-09,2.801388888888889,144
2015-09-10,3.1194444444444445,144
2015-09-11,2.9680555555555554,144
2015-09-12,2.8958333333333335,144
2015-09-13,3.103472222222222,144
2015-09-14,3.1590277777777778,144
2015-09-15,2.7555555555555555,144
2015-09-16,2.586111111111111,144
2015-09-17,2.703846153846154,78
2016-05-18,0.6186046511627906,43
2016-05-19,0.6375,144
2016-05-20,0.7430555555555556,144
2016-05-21,0.8645833333333334,144
2016-05-22,1.0819444444444446,144
2016-05-23,1.0722222222222222,144
2016-05-24,1.06875,144
2016-05-25,1.1770833333333333,144
2016-05-26,1.1388888888888888,144
2016-05-27,0.9777777777777779,144
2016-05-28,1.0638888888888889,144
2016-05-29,1.2090277777777778,144
2016-05-30,1.4583333333333333,144
2016-05-31,1.3333333333333333,144
2016-06-01,1.0794871794871794,117
2016-06-02,1.0375,144
2016-06-03,1.1868055555555557,144
2016-06-04,1.1701388888888888,144
2016-06-05,1.2479166666666666,144
2016-06-06,1.0916666666666666,144
2016-06-07,1.036111111111111,144
2016-06-08,0.8333333333333334,144
2016-06-09,0.7701388888888889,144
2016-06-10,0.7763888888888889,144
2016-06-11,0.9569444444444445,144
2016-06-12,0.8895833333333333,144
2016-06-13,0.9138888888888889,144
2016-06-14,0.9722222222222222,144
2016-06-15,0.7875000000000001,144
2016-06-16,0.8999999999999999,144
2016-06-17,0.8722222222222222,144
2016-06-18,1.0277777777777777,144
2016-06-19,1.207638888888889,144
2016-06-20,1.426950354609929,141
2016-06-21,1.5319444444444443,144
2016-06-22,1.4958333333333333,144
2016-06-23,1.3439024390243903,123
2016-06-24,1.223611111111111,144
2016-06-25,1.3624999999999998,144
2016-06-26,1.5,144
2016-06-27,1.6791666666666667,144
2016-06-28,1.651388888888889,144
2016-06-29,1.5354166666666667,144
2016-06-30,2.086111111111111,144
2016-07-01,2.2625,144
2016-07-02,2.0708333333333333,144
2016-07-03,2.2416666666666667,144
2016-07-04,2.5145833333333334,144
2016-07-05,2.461111111111111,144
2016-07-06,2.7055555555555557,144
2016-07-07,2.5867768595041323,121
2016-07-08,2.4652777777777777,144
2016-07-09,2.5319444444444446,144
2016-07-10,2.9673611111111113,144
2016-07-11,2.6958333333333333,144
2016-07-12,2.5118055555555556,144
2016-07-13,2.5250000000000004,144
2016-07-14,2.8666666666666667,144
2016-07-15,3.0868055555555554,144
2016-07-16,3.1145833333333335,144
2016-07-17,2.6715277777777775,144
2016-07-18,2.808333333333333,144
2016-07-19,2.459722222222222,144
2016-07-20,2.4868055555555553,144
2016-07-21,2.197222222222222,144
2016-07-22,2.3187499999999996,144
2016-07-23,2.1104166666666666,144
2016-07-24,2.0055555555555555,144
2016-07-25,2.216666666666667,120
2016-07-26,3.357638888888889,144
2016-07-27,2.8555555555555556,144
2016-07-28,2.204861111111111,144
2016-07-29,1.8868055555555554,144
2016-07-30,2.057638888888889,144
2016-07-31,1.8951388888888887,144
2016-08-01,2.2819444444444446,144
2016-08-02,2.388888888888889,144
2016-08-03,2.551388888888889,144
2016-08-04,2.4340277777777777,144
2016-08-05,3.005263157894737,114
2016-08-06,3.1305555555555555,144
2016-08-07,2.8423611111111113,144
2016-08-08,3.1409722222222225,144
2016-08-09,3.426388888888889,144
2016-08-10,3.1034722222222224,144
2016-08-11,3.9722222222222223,144
2016-08-12,3.2527777777777778,144
2016-08-13,3.40625,144
2016-08-14,3.48125,144
2016-08-15,3.4881944444444444,144
2016-08-16,3.053472222222222,144
2016-08-17,3.2847222222222223,144
2016-08-18,3.2569444444444446,144
2016-08-19,2.995833333333333,144
2016-08-20,3.3666666666666667,144
2016-08-21,3.5902777777777777,144
2016-08-22,4.199305555555556,144
2016-08-23,4.195833333333334,144
2016-08-24,4.070833333333334,144
2016-08-25,4.311864406779661,118
2016-08-26,3.8854166666666665,144
2016-08-27,3.7916666666666665,144
2016-08-28,3.1597222222222223,144
2016-08-29,4.5055944055944055,143
2016-08-30,3.859027777777778,144
2016-08-31,4.197916666666667,144
2016-09-01,4.258333333333334,144
2016-09-02,4.030555555555555,144
2016-09-03,4.916666666666667,144
2016-09-04,4.963888888888889,144
2016-09-05,4.756944444444445,144
2016-09-06,4.546808510638298,141
2016-09-07,4.409722222222222,144
2016-09-08,4.365277777777778,144
2016-09-09,4.309027777777778,144
2016-09-10,4.6194444444444445,144
2016-09-11,4.295833333333333,144
2016-09-12,3.828225806451613,124
2016-09-13,4.044444444444444,144
2016-09-14,4.654166666666667,144
2016-09-15,4.320138888888889,144
2016-09-16,3.961111111111111,144
2016-09-17,3.5083333333333333,144
2016-09-18,3.736111111111111,144
2016-09-19,4.357638888888889,144
2016-09-20,4.715277777777778,144
2016-09-21,5.470833333333333,144
2016-09-22,5.63125,144
2016-09-23,5.8805555555555555,144
2016-09-24,8.435416666666667,144
2016-09-25,6.99245283018868,106
2016-09-26,14.750602409638553,83
2016-09-27,19.383928571428573,56
2016-09-28,20.482608695652175,23
2017-05-09,1.9425000000000001,40
2017-05-10,1.8083333333333336,144
2017-05-11,1.7083333333333333,144
2017-05-12,1.5013888888888889,144
2017-05-13,1.5326388888888889,144
2017-05-14,1.3272727272727274,143
2017-05-15,1.3645833333333333,144
2017-05-16,1.2999999999999998,144
2017-05-17,1.3895833333333334,144
2017-05-18,1.3368055555555556,144
2017-05-19,1.634558823529412,136
2017-05-20,1.6465277777777778,144
2017-05-21,1.8291666666666666,144
2017-05-22,2.1812500000000004,144
2017-05-23,2.1319444444444446,144
2017-05-24,2.542361111111111,144
2017-05-25,3.0999999999999996,144
2017-05-26,3.2125874125874123,143
2017-05-27,3.027083333333333,144
2017-05-28,2.925174825174825,143
2017-05-29,2.7385826771653545,127
2017-05-30,2.615277777777778,144
2017-05-31,2.2527777777777778,144
2017-06-01,2.4458333333333333,144
2017-06-02,2.8805555555555555,144
2017-06-03,3.051388888888889,144
2017-06-04,2.9034722222222222,144
2017-06-05,2.908333333333333,144
2017-06-06,3.1812500000000004,144
2017-06-07,2.6868055555555554,144
2017-06-08,2.0881944444444445,144
2017-06-09,1.8923611111111112,144
2017-06-10,2.0180555555555557,144
2017-06-11,2.0180555555555557,144
2017-06-12,1.903361344537815,119
2017-06-13,1.9000000000000001,144
2017-06-14,2.21875,144
2017-06-15,2.5160839160839163,143
2017-06-16,2.627083333333333,144
2017-06-17,2.6055555555555556,144
2017-06-18,2.347916666666667,144
2017-06-19,2.3277777777777775,144
2017-06-20,2.191044776119403,134
2017-06-21,2.3097222222222222,144
2017-06-22,1.9236111111111112,144
2017-06-23,1.7312500000000002,144
2017-06-24,1.6284722222222223,144
2017-06-25,1.4361111111111111,144
2017-06-26,1.363888888888889,144
2017-06-27,1.4125,144
2017-06-28,1.5805555555555555,144
2017-06-29,1.6381944444444445,144
2017-06-30,1.695967741935484,124
2017-07-01,1.6749999999999998,144
2017-07-02,1.6284722222222223,144
2017-07-03,1.5694444444444444,144
2017-07-04,1.6437499999999998,144
2017-07-05,1.5159722222222223,144
2017-07-06,1.3875000000000002,144
2017-07-07,1.3454545454545455,143
2017-07-08,1.7993006993006995,143
2017-07-09,1.915972222222222,144
2017-07-10,2.4491803278688526,122
2017-07-11,2.789208633093525,139
2017-07-12,3.755555555555555,144
2017-07-13,3.4080291970802916,137
2017-07-14,4.683211678832117,137
2017-07-15,5.7107913669064745,139
2017-07-16,4.599275362318841,138
2017-07-17,4.450757575757576,132
2017-07-18,3.675886524822695,141
2017-07-19,3.3886524822695034,141
2017-07-20,3.134027777777778,144
2017-07-21,3.119565217391304,138
2017-07-22,3.2883211678832116,137
2017-07-23,3.5408450704225354,142
2017-07-24,3.5092198581560283,141
2017-07-25,3.4471830985915495,142
2017-07-26,3.548611111111111,144
2017-07-27,3.5955882352941178,136
2017-07-28,4.665957446808511,141
2017-07-29,4.331690140845071,142
2017-07-30,3.997916666666667,144
2017-07-31,4.215277777777778,144
2017-08-01,4.602083333333334,144
2017-08-02,4.601388888888889,144
2017-08-03,5.277192982456141,114
2017-08-04,4.865972222222222,144
2017-08-05,4.986805555555556,144
2017-08-06,5.111805555555556,144
2017-08-07,5.470833333333333,144
2017-08-08,5.220149253731344,134
2017-08-09,4.866666666666666,144
2017-08-10,5.4698529411764705,136
2017-08-11,4.319444444444445,144
2017-08-12,4.315384615384615,143
2017-08-13,4.3125,144
2017-08-14,4.570149253731343,134
2017-08-15,4.434027777777778,144
2017-08-16,4.336567164179105,134
2017-08-17,4.410416666666666,144
2017-08-18,4.0875,144
2017-08-19,3.979861111111111,144
2017-08-20,3.984722222222222,144
2017-08-21,3.6336283185840705,113
2017-08-22,3.4972222222222222,144
2017-08-23,3.4701388888888887,144
2017-08-24,3.314583333333333,144
2017-08-25,3.245138888888889,144
2017-08-26,3.2104166666666667,144
2017-08-27,3.058333333333333,144
2017-08-28,3.1414814814814815,135
2017-08-29,2.9388888888888887,144
2017-08-30,2.9715277777777778,144
2017-08-31,2.6090277777777775,144
2017-09-01,2.7347222222222225,144
2017-09-02,3.182638888888889,144
2017-09-03,3.2243055555555555,144
2017-09-04,3.7125000000000004,144
2017-09-05,3.7701612903225805,124
2017-09-06,3.54375,144
2017-09-07,2.8203125,128
2017-09-08,3.1534722222222222,144
2017-09-09,3.0875000000000004,144
2017-09-10,3.2222222222222223,144
2017-09-11,3.4243055555555557,144
2017-09-12,3.3180555555555555,144
2017-09-13,3.1166666666666667,144
2017-09-14,2.8375000000000004,144
2017-09-15,2.6083333333333334,144
2017-09-16,2.521527777777778,144
2017-09-17,2.629166666666667,144
2017-09-18,2.4965277777777777,144
2017-09-19,2.3069444444444445,144
2017-09-20,2.6118055555555557,144
2017-09-21,2.4246268656716414,134
2017-09-22,2.320138888888889,144
2017-09-23,2.1694444444444443,144
2017-09-24,2.0951388888888887,144
2017-09-25,2.033566433566434,143
2017-09-26,1.8020833333333333,144
2017-09-27,1.7590277777777779,144
2017-09-28,1.6708333333333334,144
2017-09-29,1.6951388888888888,144
2017-09-30,1.7840277777777775,144
2017-10-01,1.8270833333333334,144
2017-10-02,2.0256944444444445,144
2017-10-03,2.0152777777777775,144
2017-10-04,2.0902777777777777,144
2017-10-05,2.283464566929134,127
2017-10-06,2.0305555555555554,144
2017-10-07,2.163888888888889,144
2017-10-08,2.459027777777778,144
2017-10-09,2.1597222222222223,144
2017-10-10,2.2416666666666667,144
2017-10-11,2.3,77
2018-05-29,1.0755102040816327,49
2018-05-30,1.2625000000000002,144
2018-05-31,1.6097222222222223,144
2018-06-01,1.7472222222222222,144
2018-06-02,2.1576388888888887,144
2018-06-03,2.1187500000000004,144
2018-06-04,1.8888888888888888,144
2018-06-05,1.8868055555555554,144
2018-06-06,1.8868055555555554,144
2018-06-07,1.771969696969697,132
2018-06-08,1.9131944444444444,144
2018-06-09,2.0652777777777778,144
2018-06-10,1.7951388888888888,144
2018-06-11,1.8590277777777777,144
2018-06-12,1.6180555555555556,144
2018-06-13,1.4798449612403102,129
2018-06-14,1.5493055555555555,144
2018-06-15,1.6847222222222222,144
2018-06-16,1.8458333333333334,144
2018-06-17,1.959027777777778,144
2018-06-18,2.3993055555555554,144
2018-06-19,2.071900826446281,121
2018-06-20,2.2993055555555557,144
2018-06-21,2.328358208955224,134
2018-06-22,1.7256944444444444,144
2018-06-23,2.138888888888889,144
2018-06-24,2.2083333333333335,144
2018-06-25,2.486666666666667,135
2018-06-26,3.152083333333333,144
2018-06-27,3.5256944444444445,144
2018-06-28,3.295138888888889,144
2018-06-29,3.3069444444444445,144
2018-06-30,3.261111111111111,144
2018-07-01,3.540277777777778,144
2018-07-02,3.9423611111111114,144
2018-07-03,3.9813432835820897,134
2018-07-04,3.9722222222222223,144
2018-07-05,3.953472222222222,144
2018-07-06,3.014925373134328,134
2018-07-07,3.459722222222222,144
2018-07-08,4.184722222222223,144
2018-07-09,4.472519083969465,131
2018-07-10,3.8062500000000004,144
2018-07-11,3.0194444444444444,144
2018-07-12,3.5806451612903225,124
2018-07-13,4.278472222222223,144
2018-07-14,3.8465277777777778,144
2018-07-15,3.6354166666666665,144
2018-07-16,4.618518518518519,135
2018-07-17,4.227777777777778,144
2018-07-18,4.376335877862595,131
2018-07-19,4.829166666666667,144
2018-07-20,4.627083333333333,144
2018-07-21,3.957638888888889,144
2018-07-22,4.269444444444444,144
2018-07-23,4.263888888888889,144
2018-07-24,4.372916666666667,144
2018-07-25,4.108333333333333,144
2018-07-26,4.098611111111111,144
2018-07-27,3.894444444444444,144
2018-07-28,3.8659722222222226,144
2018-07-29,3.818055555555555,144
2018-07-30,3.207638888888889,144
2018-07-31,3.0819444444444444,144
2018-08-01,3.1819444444444445,144
2018-08-02,3.0493055555555557,144
2018-08-03,3.5055555555555555,144
2018-08-04,3.464583333333333,144
2018-08-05,3.720138888888889,144
2018-08-06,3.7319444444444443,144
2018-08-07,3.5944444444444446,144
2018-08-08,3.2798611111111113,144
2018-08-09,3.6810606060606057,132
2018-08-10,3.269285714285714,140
2018-08-11,3.384027777777778,144
2018-08-12,3.5430555555555556,144
2018-08-13,3.307638888888889,144
2018-08-14,3.7988505747126435,87
2018-08-17,3.914285714285714,35
2018-08-18,3.845138888888889,144
2018-08-19,3.5930555555555554,144
2018-08-20,3.7979166666666666,144
2018-08-21,3.902238805970149,134
2018-08-22,4.036111111111111,144
2018-08-23,3.6946564885496183,131
2018-08-24,3.665972222222222,144
2018-08-25,3.1743055555555557,144
2018-08-26,3.392361111111111,144
2018-08-27,3.3756944444444446,144
2018-08-28,3.1353846153846154,130
2018-08-29,2.818881118881119,143
2018-08-30,3.079861111111111,144
2018-08-31,3.089583333333333,144
2018-09-01,3.2840277777777778,144
2018-09-02,3.348611111111111,144
2018-09-03,3.0006944444444446,144
2018-09-04,2.908333333333333,144
2018-09-05,2.6631147540983604,122
2018-09-06,2.4694444444444446,144
2018-09-07,2.4493055555555556,144
2018-09-08,2.290972222222222,144
2018-09-09,2.427777777777778,144
2018-09-10,2.777083333333333,144
2018-09-11,2.6479166666666667,144
2018-09-12,2.91875,144
2018-09-13,2.838888888888889,144
2018-09-14,2.9256944444444444,144
2018-09-15,2.786111111111111,144
2018-09-16,2.6006944444444446,144
2018-09-17,2.78955223880597,134
2018-09-18,2.6131944444444444,144
2018-09-19,2.1118055555555557,144
2018-09-20,2.017361111111111,144
2018-09-21,1.8354166666666667,144
2018-09-22,1.7305555555555554,144
2018-09-23,1.6347222222222222,144
2018-09-24,1.7520833333333334,144
2018-09-25,1.790972222222222,144
2018-09-26,1.8444444444444446,144
2018-09-27,1.6743055555555555,144
2018-09-28,1.4833333333333334,144
2018-09-29,1.6159722222222224,144
2018-09-30,1.7055555555555555,144
2018-10-01,1.4840277777777777,144
2018-10-02,1.7256944444444444,144
2018-10-03,1.8458333333333334,144
2018-10-04,1.8428571428571427,70
2019-05-29,0.7809523809523808,42
2019-05-30,0.7518518518518519,135
2019-05-31,0.7014388489208633,139
2019-06-01,0.7965277777777778,144
2019-06-02,0.7451612903225807,124
2019-06-03,0.6916030534351144,131
2019-06-04,0.7138888888888889,144
2019-06-05,0.8236641221374046,131
2019-06-06,0.7394160583941606,137
2019-06-07,0.6970588235294117,136
2019-06-08,0.7222222222222222,144
2019-06-09,0.8690647482014389,139
2019-06-10,0.7090277777777777,144
2019-06-11,0.6125,144
2019-06-12,0.6702290076335877,131
2019-06-13,0.6208333333333332,144
2019-06-14,0.6770833333333334,144
2019-06-15,0.7631944444444445,144
2019-06-16,0.8041666666666667,144
2019-06-17,0.7923611111111111,144
2019-06-18,0.6576388888888889,144
2019-06-19,0.7196850393700787,127
2019-06-20,0.7131944444444445,144
2019-06-21,0.7597222222222223,144
2019-06-22,0.6659722222222222,144
2019-06-23,0.6722222222222222,144
2019-06-24,0.8576388888888888,144
2019-06-25,0.9715277777777778,144
2019-06-26,0.9486111111111111,144
2019-06-27,0.9361111111111112,144
2019-06-28,0.9847222222222223,144
2019-06-29,1.0409722222222222,144
2019-06-30,1.0902777777777777,144
2019-07-01,1.0482517482517484,143
2019-07-02,0.9251748251748253,143
2019-07-03,0.9036231884057971,138
2019-07-04,0.9597222222222221,144
2019-07-05,1.2374045801526716,131
2019-07-06,1.0715277777777779,144
2019-07-07,0.9270833333333334,144
2019-07-08,1.011111111111111,144
2019-07-09,1.3250000000000002,144
2019-07-10,1.2704000000000002,125
2019-07-11,1.1020833333333333,144
2019-07-12,1.463888888888889,144
2019-07-13,1.1506944444444445,144
2019-07-14,0.9534722222222223,144
2019-07-15,0.9763888888888889,144
2019-07-16,1.11875,144
2019-07-17,1.1580152671755723,131
2019-07-18,1.3916666666666666,144
2019-07-19,1.7555555555555555,144
2019-07-20,1.9124999999999999,144
2019-07-21,2.0541666666666667,144
2019-07-22,2.1791666666666667,144
2019-07-23,1.7319444444444445,144
2019-07-24,1.9312500000000001,144
2019-07-25,1.9749999999999999,144
2019-07-26,2.2604166666666665,144
2019-07-27,2.470833333333333,144
2019-07-28,2.4409722222222223,144
2019-07-29,2.6709923664122135,131
2019-07-30,1.71875,144
2019-07-31,2.308333333333333,144
2019-08-01,2.6590277777777778,144
2019-08-02,1.995138888888889,144
2019-08-03,2.045138888888889,144
2019-08-04,2.2993055555555557,144
2019-08-05,2.6555555555555554,144
2019-08-06,2.7652777777777775,144
2019-08-07,2.5445378151260507,119
2019-08-08,2.8,144
2019-08-09,2.6006944444444446,144
2019-08-10,2.670138888888889,144
2019-08-11,2.938194444444444,144
2019-08-12,2.8645833333333335,144
2019-08-13,2.9256944444444444,144
2019-08-14,3.0256944444444445,144
2019-08-15,2.758778625954198,131
2019-08-16,3.2527777777777778,144
2019-08-17,3.0999999999999996,144
2019-08-18,3.466666666666667,144
2019-08-19,3.7416666666666663,144
2019-08-20,4.027083333333334,144
2019-08-21,4.117557251908397,131
2019-08-22,2.9118055555555555,144
2019-08-23,3.2868055555555555,144
2019-08-24,3.2249999999999996,144
2019-08-25,3.326388888888889,144
2019-08-26,3.6965277777777774,144
2019-08-27,4.252083333333333,144
2019-08-28,4.734722222222222,144
2019-08-29,4.690972222222222,144
2019-08-30,5.436134453781513,119
2019-08-31,5.784722222222222,144
2019-09-01,6.197222222222222,144
2019-09-02,5.788888888888889,144
2019-09-03,6.45952380952381,126
2019-09-04,7.076388888888889,144
2019-09-05,7.126388888888889,144
2019-09-06,7.154166666666667,144
2019-09-07,6.427083333333333,144
2019-09-08,5.730555555555556,144
2019-09-09,5.284027777777777,144
2019-09-10,5.008333333333334,144
2019-09-11,4.866666666666666,144
2019-09-12,5.236111111111111,144
2019-09-13,5.637692307692308,130
2019-09-14,5.129861111111111,144
2019-09-15,5.672916666666667,144
2019-09-16,5.231249999999999,144
2019-09-17,5.0288,125
2019-09-18,4.5368055555555555,144
2019-09-19,4.045138888888889,144
2019-09-20,3.497916666666667,144
2019-09-21,3.502083333333333,144
2019-09-22,3.321527777777778,144
2019-09-23,3.3465277777777778,144
2019-09-24,3.2305555555555556,144
2019-09-25,3.3805555555555555,144
2019-09-26,3.2022900763358777,131
2019-09-27,3.21875,144
2019-09-28,3.040277777777778,144
2019-09-29,2.9314685314685316,143
2019-09-30,2.93015873015873,126
2019-10-01,3.063025210084034,119
2019-10-02,3.112295081967213,122
2019-10-03,3.2413793103448274,58
2020-06-11,1.3166666666666667,54
2020-06-12,1.7381944444444446,144
2020-06-13,2.4847222222222225,144
2020-06-14,2.477777777777778,144
2020-06-15,2.5034722222222223,144
2020-06-16,2.9854166666666666,144
2020-06-17,3.0708333333333333,144
2020-06-18,3.1236111111111113,144
2020-06-19,3.332638888888889,144
2020-06-20,3.613888888888889,144
2020-06-21,3.5888888888888886,144
2020-06-22,3.142361111111111,144
2020-06-23,2.538888888888889,144
2020-06-24,2.3645833333333335,144
2020-06-25,2.5618055555555554,144
2020-06-26,2.7881944444444446,144
2020-06-27,2.963888888888889,144
2020-06-28,3.302777777777778,144
2020-06-29,3.4243055555555557,144
2020-06-30,3.568055555555555,144
2020-07-01,3.182638888888889,144
2020-07-02,3.1409722222222225,144
2020-07-03,3.522222222222222,144
2020-07-04,3.2631944444444443,144
2020-07-05,2.96875,144
2020-07-06,2.997916666666667,144
2020-07-07,3.058333333333333,144
2020-07-08,2.8194444444444446,144
2020-07-09,2.9388888888888887,144
2020-07-10,2.964583333333333,144
2020-07-11,3.2131944444444445,144
2020-07-12,3.26875,144
2020-07-13,3.1395833333333334,144
2020-07-14,3.3256944444444443,144
2020-07-15,3.5125,144
2020-07-16,3.636805555555556,144
2020-07-17,3.411111111111111,144
2020-07-18,3.377083333333333,144
2020-07-19,3.6597222222222223,144
2020-07-20,3.820138888888889,144
2020-07-21,3.3472222222222223,144
2020-07-22,2.6881944444444446,144
2020-07-23,3.0180555555555557,144
2020-07-24,3.2631944444444443,144
2020-07-25,4.089583333333334,144
2020-07-26,3.6430555555555557,144
2020-07-27,3.611111111111111,117
2020-07-28,4.007638888888889,144
2020-07-29,3.5027777777777778,144
2020-07-30,3.4916666666666667,144
2020-07-31,3.702777777777778,144
2020-08-01,4.166666666666667,144
2020-08-02,3.402083333333333,144
2020-08-03,3.348611111111111,144
2020-08-04,3.363888888888889,144
2020-08-05,3.4751937984496126,129
2020-08-06,3.326388888888889,144
2020-08-07,3.1194444444444445,144
2020-08-08,3.1791666666666667,144
2020-08-09,3.2125000000000004,144
2020-08-10,3.384722222222222,144
2020-08-11,3.4276119402985077,134
2020-08-12,3.2486111111111113,144
2020-08-13,3.16875,144
2020-08-14,3.5590277777777777,144
2020-08-15,6.672727272727273,143
2020-08-16,8.971428571428572,7
2020-08-21,3.9909090909090907,33
2020-08-22,4.118055555555555,144
2020-08-23,4.338888888888889,144
2020-08-24,4.138888888888889,144
2020-08-25,4.032638888888889,144
2020-08-26,5.474626865671642,134
2020-08-27,5.4,144
2020-08-28,4.827083333333333,144
2020-08-29,6.228472222222222,144
2020-08-30,5.545833333333333,144
2020-08-31,5.820833333333334,144
2020-09-01,7.647222222222222,144
2020-09-02,6.704861111111111,144
2020-09-03,6.429861111111111,144
2020-09-04,7.4437500000000005,144
2020-09-05,12.70486111111111,144
2020-09-06,5.802777777777778,144
2020-09-07,6.483333333333333,144
2020-09-08,7.079699248120301,133
2020-09-09,7.2749999999999995,144
2020-09-10,7.95763888888889,144
2020-09-11,8.422916666666667,144
2020-09-12,5.577083333333333,144
2020-09-13,5.542361111111111,144
2020-09-14,4.104166666666667,144
2020-09-15,4.304861111111111,144
2020-09-16,3.8743055555555554,144
2020-09-17,3.6975409836065576,122
2020-09-18,3.5368055555555555,144
2020-09-19,3.4361111111111113,144
2020-09-20,3.814583333333333,144
2020-09-21,3.9479166666666665,144
2020-09-22,4.147916666666666,144
2020-09-23,4.1453125,128
2020-09-24,3.931944444444445,144
2020-09-25,3.826388888888889,144
2020-09-26,3.745833333333333,144
2020-09-27,3.665972222222222,144
2020-09-28,3.5277777777777777,144
2020-09-29,3.4291666666666667,144
2020-09-30,3.476388888888889,144
2020-10-01,3.3777777777777773,81
2021-05-31,0.36818181818181817,22
2021-06-01,0.3415492957746479,142
2021-06-02,0.36028368794326243,141
2021-06-03,0.30985915492957744,142
2021-06-04,0.3020979020979021,143
2021-06-05,0.3680555555555556,144
2021-06-06,0.46153846153846156,143
2021-06-07,0.5041958041958041,143
2021-06-08,0.5104347826086957,115
2021-06-09,0.6381944444444444,144
2021-06-10,0.8342657342657342,143
2021-06-11,0.9944055944055943,143
2021-06-12,0.9180555555555555,144
2021-06-13,0.8069444444444445,144
2021-06-14,0.868421052631579,114
2021-06-15,0.9750000000000001,144
2021-06-16,1.0750000000000002,144
2021-06-17,1.1520833333333333,144
2021-06-18,1.2972222222222223,144
2021-06-19,1.4430555555555555,144
2021-06-20,1.5118055555555554,144
2021-06-21,1.6375000000000002,144
2021-06-22,1.7271739130434782,92
2021-06-25,1.4763157894736842,38
2021-06-26,1.5020833333333334,144
2021-06-27,1.370138888888889,144
2021-06-28,1.5180555555555555,144
2021-06-29,1.4167832167832168,143
2021-06-30,1.4322834645669291,127
2021-07-01,1.36875,144
2021-07-02,1.4625,144
2021-07-03,1.604861111111111,144
2021-07-04,1.4944444444444445,144
2021-07-05,1.2333333333333334,144
2021-07-06,1.0173611111111112,144
2021-07-07,0.84,130
2021-07-08,0.6673611111111111,144
2021-07-09,0.6328671328671329,143
2021-07-10,0.8847222222222223,144
2021-07-11,0.8027777777777777,144
2021-07-12,0.8694444444444445,144
2021-07-13,0.8576388888888888,144
2021-07-14,0.9238095238095239,126
2021-07-15,1.3680555555555556,144
2021-07-16,1.5451388888888888,144
2021-07-17,1.6243055555555557,144
2021-07-18,1.55625,144
2021-07-19,1.6916666666666667,144
2021-07-20,1.5402777777777779,144
2021-07-21,0.9578947368421054,133
2021-07-22,0.8409722222222222,144
2021-07-23,0.9479166666666666,144
2021-07-24,1.776388888888889,144
2021-07-25,2.220833333333333,144
2021-07-26,2.0479166666666666,144
2021-07-27,1.9041666666666666,144
2021-07-28,2.0346153846153845,130
2021-07-29,2.232867132867133,143
2021-07-30,2.242361111111111,144
2021-07-31,1.9291666666666667,144
2021-08-01,2.216666666666667,144
2021-08-02,2.138888888888889,144
2021-08-03,1.8349650349650348,143
2021-08-04,1.7430555555555556,144
2021-08-05,1.8444444444444446,117
2021-08-06,1.7430555555555556,144
2021-08-07,1.9729166666666669,144
2021-08-08,1.8631944444444446,144
2021-08-09,2.0631944444444446,144
2021-08-10,1.9993055555555554,144
2021-08-11,2.1527777777777777,144
2021-08-12,2.323611111111111,144
2021-08-13,2.1395833333333334,144
2021-08-14,2.060416666666667,144
2021-08-15,2.0611111111111113,144
2021-08-16,1.8034722222222221,144
2021-08-17,1.7687499999999998,144
2021-08-18,1.9236111111111112,144
2021-08-19,1.6888888888888889,144
2021-08-20,1.0486111111111112,144
2021-08-21,1.5159722222222223,144
2021-08-22,1.5006944444444443,144
2021-08-23,1.3819444444444444,144
2021-08-24,1.5055555555555555,144
2021-08-25,1.9297709923664124,131
2021-08-26,2.5895104895104897,143
2021-08-27,2.4305555555555554,144
2021-08-28,2.3027777777777776,144
2021-08-29,2.097916666666667,144
2021-08-30,1.8743055555555554,144
2021-08-31,1.698611111111111,144
2021-09-01,1.7333333333333334,144
2021-09-02,1.5229629629629629,135
2021-09-03,1.4249999999999998,144
2021-09-04,1.4902777777777778,144
2021-09-05,1.3395833333333333,144
2021-09-06,1.3590277777777777,144
2021-09-07,1.0527777777777778,144
2021-09-08,1.6887218045112782,133
2021-09-09,1.551388888888889,144
2021-09-10,1.9729166666666669,144
2021-09-11,2.3909722222222225,144
2021-09-12,1.7368055555555555,144
2021-09-13,1.2951388888888888,144
2021-09-14,1.3437956204379562,137
2021-09-15,1.129861111111111,144
2021-09-16,0.7451388888888889,144
2021-09-17,0.5729166666666666,144
2021-09-18,0.6583333333333333,144
2021-09-19,0.41527777777777775,144
2021-09-20,0.2513888888888889,144
2021-09-21,0.24791666666666667,144
2021-09-22,0.23333333333333334,144
2021-09-23,0.14305555555555557,144
2021-09-24,0.14722222222222223,144
2021-09-25,0.15454545454545457,143
2021-09-26,0.1902777777777778,144
2021-09-27,0.12377622377622377,143
2021-09-28,0.13703703703703704,135
2021-09-29,0.1,144
2021-09-30,0.15486111111111112,144
2021-10-01,0.12152777777777778,144
2021-10-02,0.1277777777777778,144
2021-10-03,0.11538461538461539,143
2021-10-04,0.11267605633802817,142
2021-10-05,0.09787234042553192,141
2021-10-06,0.09361702127659575,141
2021-10-07,0.08977272727272728,88
